Drone_ID,Overall_Accuracy,Efficiency,Altitude,Collision_Free,Smoothness,Energy
0,72.06971273109745,94.64353180755967,0.0,100,87.94004246390347,99.5
1,64.48808464201846,96.7873281295658,0.0,70,94.6099773724691,99.39122410234943
2,91.87146368933122,85.33213409773664,90.0,100,82.72686208391421,98.96007557196748
3,96.4576655498694,96.49630971734466,90.9090909090909,100,97.20753919418509,98.5
