X_meters,Y_meters,Altitude_meters,Waypoint,Drone_ID,Waypoint_Type
-500.0,-500.0,80.0,0,0,Start
-343.159824169209,-310.8886224402532,80.00568135625555,1,0,Intermediate
-246.11808040882846,-193.99334625409185,80.00604406680456,2,0,Intermediate
-207.01085021178432,-144.40461728862422,80.00605667257611,3,0,Intermediate
-197.93781731985857,-122.96767938547562,80.00607077960348,4,0,Intermediate
-188.763703544034,-100.8931712940289,80.00617277758735,5,0,Intermediate
-160.99041116169298,-31.075957864723875,83.33333667326295,6,0,Intermediate
-100.0,100.0,0.0,7,0,Goal
