Drone_ID,Overall_Accuracy,Efficiency,Altitude,Collision_Free,Smoothness,Energy
0,74.25921761609924,97.61517983677177,0.0,100,98.24433651494881,99.99531171502558
1,68.28270061958813,84.41408184769743,0.0,100,76.06667103019905,99.89883595518795
2,74.22326413536,98.75531651081371,0.0,100,96.53386447558161,99.92121161860011
3,72.70543427333916,94.11890537762268,0.0,100,92.56551491409743,99.9682596070002
