X_meters,Y_meters,Altitude_meters,Waypoint,Drone_ID,Waypoint_Type
500.0,500.0,50.0,0,1,Start
430.4548493444275,482.6724665071695,50.000211038940364,1,1,Intermediate
259.4024074534954,439.9196288089736,50.00021006646742,2,1,Intermediate
227.25679500612415,430.6223933635607,49.9997891784446,3,1,Intermediate
207.97103900176555,422.31523389152557,49.999787692070775,4,1,Intermediate
25.700612103679358,333.9867249113169,49.99998707150696,5,1,Intermediate
-253.63917615433357,184.8153421715576,49.999988317321595,6,1,Intermediate
-100.0,100.0,50.0,7,1,Goal
