Drone_ID,Overall_Accuracy,Efficiency,Altitude,Collision_Free,Smoothness,Energy
0,91.62617450193929,96.73393610107605,87.5,90,95.14036010126219,91.33333266534741
1,89.55894880970855,72.31622831836827,100.0,90,87.30474408648183,99.99991533062608
2,98.7788040277606,98.35098695119002,100.0,100,94.06655524247273,99.986233511517
3,89.92857157047834,70.15461951578268,100.0,100,72.68440056950729,99.94987581895707
