Drone_ID,Overall_Accuracy,Efficiency,Altitude,Collision_Free,Smoothness,Energy
0,69.68694693441459,83.77659704350182,0.0,100,86.27009695933864,99.91112981813433
1,99.4888899363577,98.75078408023032,100.0,100,98.25841634646589,99.99970668341763
2,67.81407196657386,77.73904261352824,0.0,100,81.94389263392237,99.74679548779847
3,73.20871602806237,95.72787608590913,0.0,100,93.80910993780722,99.91774320209463
