Drone_ID,Overall_Accuracy,Efficiency,Altitude,Collision_Free,Smoothness,Energy
0,74.40845513579495,98.97870422694929,0.0,100,97.43200757244419,99.9791315453846
1,65.09165412587687,82.17497417868404,0.0,85,87.7119625829691,99.99864902694692
2,96.80671368592054,93.35393753915581,100.0,100,87.59250611875046,99.97050260276812
3,96.80261035289088,92.05429329689207,100.0,100,89.30015847218998,99.96727922683957
