Drone_ID,Overall_Accuracy,Efficiency,Altitude,Collision_Free,Smoothness,Energy
0,74.70324359932587,99.8081671837769,0.0,100,98.27887819046315,99.99778434001036
1,66.90278545960753,93.00225167034097,0.0,90,75.3516238956276,99.99591541195184
2,78.63803285754524,97.09264641420157,18.181818181818183,100,97.8341877206344,99.98920871155217
3,85.79694701555071,98.60381598856331,45.45454545454545,100,98.08822460288641,99.99313763768725
