Drone_ID,Overall_Accuracy,Efficiency,Altitude,Collision_Free,Smoothness,Energy
0,71.82117580913327,90.79024534845799,0.0,100,91.09108908540595,99.99463376630769
1,70.02286363164224,99.17761923293736,0.0,85,97.92178768292081,99.99071632616636
2,87.55466177421877,76.28596562483648,80.0,100,81.99089848936076,99.98833875847356
3,98.68236270007908,95.45353884353236,100.0,100,97.28647835691088,99.98683177835983
