Drone_ID,Overall_Accuracy,Efficiency,Altitude,Collision_Free,Smoothness,Energy
0,66.12337912932749,72.24942168797574,0.0,100,77.83452535662167,99.98315988239082
1,97.9522747682387,92.0714996328811,100.0,100,96.92169887530757,99.9972001036634
2,71.59878900291169,84.25683496035026,9.090909090909092,100,85.16585962795097,96.99815793921726
3,70.17120934430623,84.83653922693276,0.0,100,88.16198645753583,99.79603530289307
