Drone_ID,Overall_Accuracy,Efficiency,Altitude,Collision_Free,Smoothness,Energy
0,65.22882165656515,70.24348030808335,0.0,100,74.56500157801116,99.95375358246811
1,62.29088436063921,88.5574369412605,0.0,70,90.56416098774297,99.94772824225663
2,72.49542976329707,94.75704044129598,9.090909090909092,100,76.14203997727832,98.4998840571885
3,74.91513830395479,71.69789151765373,36.36363636363637,100,77.30961843912252,98.88208143646582
