Drone_ID,Overall_Accuracy,Efficiency,Altitude,Collision_Free,Smoothness,Energy
0,73.24367227476304,94.0358546862376,0.0,100,96.34156438891641,99.85266679178065
1,73.50552761462839,98.6759018921947,0.0,100,91.84663114636572,99.93352564234591
2,97.8592156521637,94.99701235617404,100.0,100,92.4083209249343,99.98565042188746
3,97.29881705272699,91.72647293330999,100.0,100,93.03065222867717,99.98924631763418
